[{"name":"Example Simple","files":[{"name":"Source\\Automaton\\Automaton.c","content":"#include \"Automaton.h\"\r\n#include \u003cutil/delay.h\u003e\r\n\r\nAutomatStates_t State;\r\n/**\r\nThis function init the state machine.\r\n*/\r\nvoid StateMachineInit(void)\r\n{\r\n\tState= z_DriveToBottom;\r\n}\r\n\r\n/**\r\nThis function updated the state machine.\r\n*/\r\nvoid StateMachineUpdate(void)\r\n{\r\n\tswitch (State)\r\n\t{\r\n\t\tcase z_DriveToBottom:\r\n\t\t\tif (Sensors.cabin_pos_ground_floor == 1) \r\n\t\t\t{\r\n\t\t\t\tState = z_OpenDoorFloor1;\r\n\t\t\t}\r\n\t\t\t\r\n\t\t\tActuators.cabin_to_Z_minus = 1;\r\n\t\t\tActuators.to_open_door_ground_floor = 0;\r\n\t\t\tActuators.to_close_door_ground_floor = 0;\r\n\t\t\tActuators.cabin_to_Z_plus = 0;\r\n\t\t\tActuators.to_open_door_2_floor = 0;\r\n\t\t\tActuators.to_close_door_2_floor = 0;\r\n\t\t\t\r\n\t\t\tbreak;\r\n\t\t\t\r\n\t\tcase z_OpenDoorFloor1:\r\n\t\t\tif (Sensors.door_ground_floor_open == 0)\r\n\t\t\t{\r\n\t\t\t\tState = z_Wait3SecFloor1;\r\n\t\t\t}\r\n\t\t\tActuators.cabin_to_Z_minus = 0;\r\n\t\t\t\t\r\n\t\t\tActuators.cabin_to_Z_minus = 0;\r\n\t\t\tActuators.to_open_door_ground_floor = 1;\r\n\t\t\tActuators.to_close_door_ground_floor = 0;\r\n\t\t\tActuators.cabin_to_Z_plus = 0;\r\n\t\t\tActuators.to_open_door_2_floor = 0;\r\n\t\t\tActuators.to_close_door_2_floor = 0;\r\n\t\t\t\t\t\t\r\n\t\t\tbreak;\r\n\t\t\t\r\n\t\tcase z_Wait3SecFloor1:\r\n\t\t\t_delay_ms(3000);\r\n\t\t\tState = z_CloseDoorFloor1;\r\n\t\t\t\r\n\t\t\tActuators.cabin_to_Z_minus = 0;\r\n\t\t\tActuators.to_open_door_ground_floor = 0;\r\n\t\t\tActuators.to_close_door_ground_floor = 0;\r\n\t\t\tActuators.cabin_to_Z_plus = 0;\r\n\t\t\tActuators.to_open_door_2_floor = 0;\r\n\t\t\tActuators.to_close_door_2_floor = 0;\r\n\t\t\t\r\n\t\t\tbreak;\r\n\t\t\t\r\n\t\tcase z_CloseDoorFloor1:\r\n\t\t\tif (Sensors.door_ground_floor_closed == 0)\r\n\t\t\t{\r\n\t\t\t\tState = z_DriveToFloor3;\r\n\t\t\t}\r\n\t\t\t\r\n\t\t\tActuators.cabin_to_Z_minus = 0;\r\n\t\t\tActuators.to_open_door_ground_floor = 0;\r\n\t\t\tActuators.to_close_door_ground_floor = 1;\r\n\t\t\tActuators.cabin_to_Z_plus = 0;\r\n\t\t\tActuators.to_open_door_2_floor = 0;\r\n\t\t\tActuators.to_close_door_2_floor = 0;\r\n\t\t\t\r\n\t\t\tbreak;\r\n\r\n\t\tcase z_DriveToFloor3:\r\n\t\t\tif (Sensors.cabin_pos_2_floor == 1)\r\n\t\t\t{\r\n\t\t\t\tState = z_OpenDoorFloor3;\r\n\t\t\t}\r\n\t\t\r\n\t\t\tActuators.cabin_to_Z_minus = 0;\r\n\t\t\tActuators.to_open_door_ground_floor = 0;\r\n\t\t\tActuators.to_close_door_ground_floor = 0;\r\n\t\t\tActuators.cabin_to_Z_plus = 1;\r\n\t\t\tActuators.to_open_door_2_floor = 0;\r\n\t\t\tActuators.to_close_door_2_floor = 0;\r\n\t\t\r\n\t\t\tbreak;\r\n\t\t\r\n\t\tcase z_OpenDoorFloor3:\r\n\t\t\tif (Sensors.door_2_floor_open == 0)\r\n\t\t\t{\r\n\t\t\t\tState = z_Wait3SecFloor3;\r\n\t\t\t}\r\n\t\t\r\n\t\t\tActuators.cabin_to_Z_minus = 0;\r\n\t\t\tActuators.to_open_door_ground_floor = 0;\r\n\t\t\tActuators.to_close_door_ground_floor = 0;\r\n\t\t\tActuators.cabin_to_Z_plus = 0;\r\n\t\t\tActuators.to_open_door_2_floor = 1;\r\n\t\t\tActuators.to_close_door_2_floor = 0;\r\n\t\t\r\n\t\t\tbreak;\r\n\t\t\r\n\t\tcase z_Wait3SecFloor3:\r\n\t\t\t_delay_ms(3000);\r\n\t\t\tState = z_CloseDoorFloor3;\r\n\t\t\t\r\n\t\t\tActuators.cabin_to_Z_minus = 0;\r\n\t\t\tActuators.to_open_door_ground_floor = 0;\r\n\t\t\tActuators.to_close_door_ground_floor = 0;\r\n\t\t\tActuators.cabin_to_Z_plus = 0;\r\n\t\t\tActuators.to_open_door_2_floor = 0;\r\n\t\t\tActuators.to_close_door_2_floor = 0;\r\n\t\t\t\r\n\t\t\tbreak;\r\n\t\t\r\n\t\tcase z_CloseDoorFloor3:\r\n\t\t\tif (Sensors.door_2_floor_closed == 0)\r\n\t\t\t{\r\n\t\t\t\tState = z_DriveToBottom;\r\n\t\t\t}\r\n\t\t\t\r\n\t\t\tActuators.cabin_to_Z_minus = 0;\r\n\t\t\tActuators.to_open_door_ground_floor = 0;\r\n\t\t\tActuators.to_close_door_ground_floor = 0;\r\n\t\t\tActuators.cabin_to_Z_plus = 0;\r\n\t\t\tActuators.to_open_door_2_floor = 0;\r\n\t\t\tActuators.to_close_door_2_floor = 1;\r\n\t\t\t\r\n\t\t\tbreak;\t\r\n\t}\r\n}"},{"name":"Source\\Automaton\\Automaton.h","content":"#ifndef AUTOMAT_H_\r\n#define AUTOMAT_H_\r\n\r\n#include \"Elevator_3Floors.h\"\r\n\r\ntypedef enum\r\n{\r\n\tz_DriveToBottom,\r\n\tz_OpenDoorFloor1,\r\n\tz_Wait3SecFloor1,\r\n\tz_CloseDoorFloor1,\r\n\tz_DriveToFloor3,\r\n\tz_OpenDoorFloor3,\r\n\tz_Wait3SecFloor3,\r\n\tz_CloseDoorFloor3\t\r\n}AutomatStates_t;\r\n\r\nextern void StateMachineInit(void);\t\t// This function init the state machine.\r\nextern void StateMachineUpdate(void);\t// This function updated the state machine.\r\n\r\n\r\n#endif /* AUTOMAT_H_ */"},{"name":"Source\\Interfaces\\BusProtectionInterface.c","content":"#include \u003cstdint.h\u003e\r\n#include \u003cutil/delay.h\u003e\r\n\r\n#include \"BusProtectionInterface.h\"\r\n#include \"../Automaton/Automaton.h\"\r\n#include \"../UART0.h\"\r\n\r\nuint8_t *BusProtectionOutputBuffer;\r\nuint8_t *BusProtectionInputBuffer;\r\n\r\nuint8_t ReceiveIndex;\r\nuint8_t TmpBuffer[6];\r\n\r\nvoid BusProtectionInterfaceInit(void)\r\n{\r\n\tBusProtectionOutputBuffer = ActuatorPointer;\r\n\tBusProtectionInputBuffer = SensorPointer;\r\n\tReceiveIndex = 0;\r\n}\r\n\r\nvoid BusProtectionSendData(void)\r\n{\r\n\tUART0_put_char(0xFF);\r\n\t_delay_ms(1);\r\n\tfor (uint8_t i=0; i\u003c6;i++)\r\n\t{\r\n\t\tif(BusProtectionOutputBuffer[i] \u003e= 0x80)\r\n\t\t{\r\n\t\t\tUART0_put_char(0x80);\r\n\t\t\t\r\n\t\t\t_delay_ms(1);\r\n\t\t\tUART0_put_char(BusProtectionOutputBuffer[i]-0x80);\r\n\t\t\t\r\n\t\t\t_delay_ms(1);\r\n\t\t}else\r\n\t\t{\r\n\t\t\tUART0_put_char(0);\r\n\t\t\t\r\n\t\t\t_delay_ms(1);\r\n\t\t\tUART0_put_char(BusProtectionOutputBuffer[i]);\r\n\t\t\t\r\n\t\t\t_delay_ms(1);\r\n\t\t}\r\n\t}\r\n\t\r\n\tUART0_put_char(0xFE);\r\n\t_delay_ms(100);\r\n}\r\n\r\nvoid BusProtectionNewData(uint8_t Data)\r\n{\r\n\tswitch(Data)\r\n\t{\r\n\t\tcase 0xFF:\r\n\t\t\t//start data transfer\r\n\t\t\tReceiveIndex=0;\r\n\t\t\tbreak;\r\n\t\tcase 0xFE:\r\n\t\t\t//data transfer ended\r\n\t\t\tfor (uint8_t i=0; i\u003c6;i++)\r\n\t\t\t{\r\n\t\t\t\tBusProtectionInputBuffer[i] = TmpBuffer[i];\r\n\t\t\t}\r\n\t\t\tReceiveIndex=0;\r\n\t\t\tbreak;\r\n\t\tdefault:\r\n\t\t\tif(ReceiveIndex%2 == 1)\r\n\t\t\t{\r\n\t\t\t\tTmpBuffer[ReceiveIndex/2]+= Data;\r\n\t\t\t}else\r\n\t\t\t\tTmpBuffer[ReceiveIndex/2] = Data;\r\n\t\t\tReceiveIndex++;\r\n\t\t\tbreak;\r\n\t}\r\n}\r\n\r\n\r\nvoid BusProtectionSetAktor(uint8_t AktorBit)\r\n{\r\n\tuint8_t ByteIndex = AktorBit / 8;\r\n\tuint8_t ActuatorBitInByte = AktorBit % 8;\r\n\t\r\n\tBusProtectionOutputBuffer[ByteIndex] |=  (1\u003c\u003cActuatorBitInByte);\r\n}\r\n\r\nvoid BusProtectionResetAktor(uint8_t AktorBit)\r\n{\r\n\tuint8_t ByteIndex = AktorBit / 8;\r\n\tuint8_t ActuatorBitInByte = AktorBit % 8;\r\n\t\r\n\tBusProtectionOutputBuffer[ByteIndex] \u0026=  ~(1\u003c\u003cActuatorBitInByte);\r\n}\r\n\r\n\r\nvoid BusProtectionSetSignal(uint8_t StartBit,uint8_t BitCount, uint64_t Value)\r\n{\r\n\tuint8_t ByteIndex = StartBit / 8;\r\n\tuint8_t StartBitInByte = StartBit % 8;\r\n\tuint8_t ShiftPosition = 0;\r\n\t\r\n\tBusProtectionOutputBuffer[ByteIndex] \u0026=  ~(0xFF \u003c\u003c StartBitInByte);\r\n\tBusProtectionOutputBuffer[ByteIndex] |=  ((Value\u003c\u003cStartBitInByte) \u0026 (0xFF \u003c\u003c StartBitInByte));\r\n\t\r\n\tif((StartBitInByte+BitCount) \u003e 8)\r\n\t{\r\n\t\tByteIndex++;\r\n\t\tBitCount -= (8-StartBitInByte);\r\n\t\tShiftPosition += (8-StartBitInByte);\r\n\t\twhile (BitCount\u003e8)\r\n\t\t{\r\n\t\t\tBusProtectionOutputBuffer[ByteIndex] = (Value \u003e\u003e ShiftPosition) \u0026 0xFF;\r\n\t\t\tShiftPosition+=8;\r\n\t\t\tBitCount-= 8;\r\n\t\t\tByteIndex++;\r\n\t\t}\r\n\t\t\r\n\t\tBusProtectionOutputBuffer[ByteIndex] \u0026=  ~(0xFF \u003e\u003e (8-BitCount));\r\n\t\tBusProtectionOutputBuffer[ByteIndex] |=  ((Value\u003e\u003eShiftPosition) \u0026 (0xFF \u003e\u003e (8-BitCount)));\r\n\t}\r\n}\r\n\r\nuint64_t BusProtectionGetSignal(uint8_t StartBit, uint8_t BitCount)\r\n{\r\n\tuint64_t Result = 0;\r\n\tuint8_t ShiftPosition = 0;\r\n\tuint8_t ByteIndex = StartBit / 8;\r\n\tuint8_t StartBitInByte = StartBit % 8;\r\n\tif((StartBitInByte+BitCount) \u003c= 8)\r\n\t{\r\n\t\tResult = (BusProtectionInputBuffer[ByteIndex] \u003e\u003e StartBitInByte) \u0026 ~(0xFF \u003c\u003c BitCount);\r\n\t}else\r\n\t{\r\n\t\tResult = (BusProtectionInputBuffer[ByteIndex] \u003e\u003e StartBitInByte);\r\n\t\tBitCount -= (8 - StartBitInByte);\r\n\t\tShiftPosition += (8 - StartBitInByte);\r\n\t\tByteIndex++;\r\n\t\twhile (BitCount \u003e 8)\r\n\t\t{\r\n\t\t\tResult |= (BusProtectionInputBuffer[ByteIndex] \u003c\u003c ShiftPosition);\r\n\t\t\tByteIndex++;\r\n\t\t\tShiftPosition += 8;\r\n\t\t\tBitCount -= 8;\r\n\t\t}\r\n\t\tResult |= (BusProtectionInputBuffer[ByteIndex] \u0026 ~(0xFF \u003c\u003c BitCount))\u003c\u003c ShiftPosition;\r\n\t}\r\n\treturn Result;\r\n}\r\n"},{"name":"Source\\Interfaces\\BusProtectionInterface.h","content":"#ifndef BUSPROTECTIONINTERFACE_H_\r\n#define BUSPROTECTIONINTERFACE_H_\r\n\r\n#include \u003cstdint.h\u003e\r\n\r\nextern void BusProtectionInterfaceInit(void);\r\nextern void BusProtectionSendData(void);\r\nextern void BusProtectionNewData(uint8_t Data);\r\n\r\nextern uint8_t *BusProtectionOutputBuffer;\r\nextern uint8_t *BusProtectionInputBuffer;\r\n\r\n#endif /* BUSPROTECTIONINTERFACE_H_ */"},{"name":"Source\\Interfaces\\Elevator_3Floors.c","content":"#include \"Elevator_3Floors.h\"\r\n\r\nSensor_t Sensors;\r\nActuator_t Actuators;\r\n\r\nvoid Elevator_3Floors_Init(void)\r\n{\r\n\t\r\n}"},{"name":"Source\\Interfaces\\Elevator_3Floors.h","content":"#ifndef ELEVATOR_3FLOORS_H\r\n#define ELEVATOR_3FLOORS_H\r\n\r\ntypedef struct\r\n{\r\n    unsigned cabin_to_Z_plus:1;                                                   // y 0\r\n    unsigned cabin_to_Z_minus:1;                                                  // y 1\r\n    unsigned cabin_slow:1;                                                        // y 2\r\n    unsigned to_open_door_ground_floor:1;                                         // y 3\r\n    unsigned to_close_door_ground_floor:1;                                        // y 4\r\n    unsigned to_open_door_1_floor:1;                                              // y 5\r\n    unsigned to_close_door_1_floor:1;                                             // y 6\r\n    unsigned to_open_door_2_floor:1;                                              // y 7\r\n    unsigned to_close_door_2_floor:1;                                             // y 8\r\n    unsigned call_display_ground_floor:1;                                         // y 9\r\n    unsigned call_display_1_floor_upstairs:1;                                     // y10\r\n    unsigned call_display_1_floor_downward:1;                                     // y11\r\n    unsigned call_display_2_floor:1;                                              // y12\r\n    unsigned indicator_display_ground_floor:1;                                    // y13\r\n    unsigned indicator_display_1_floor:1;                                         // y14\r\n    unsigned indicator_display_2_floor:1;                                         // y15\r\n    unsigned drive_direction_display_downward:1;                                  // y16\r\n    unsigned drive_direction_display_upstairs:1;                                  // y17\r\n    unsigned call_display_ground_floor_LED_operator_panel:1;                      // y18\r\n    unsigned call_display_1_floor_LED_operator_panel:1;                           // y19\r\n    unsigned call_display_2_floor_LED_operator_panel:1;                           // y20\r\n    unsigned alert_LED_operator_panel:1;                                          // y21\r\n    unsigned emergency_stop_LED_operator_panel:1;                                 // y22\r\n    unsigned overload_LED_operator_panel:1;                                       // y23\r\n\t\r\n\tunsigned char reserve1;\t//8 bit\r\n\tunsigned int reserve2;\t//16 bit\r\n} Actuator_t;\r\n\r\ntypedef struct\r\n{\r\n    unsigned cabin_pos_ground_floor:1;                                            // x 0\r\n    unsigned cabin_pos_1_floor:1;                                                 // x 1\r\n    unsigned cabin_pos_2_floor:1;                                                 // x 2\r\n    unsigned switchover_slow_ground_floor:1;                                      // x 3\r\n    unsigned switchover_slow_1_floor_from_the_bottom:1;                           // x 4\r\n    unsigned switchover_slow_1_floor_from_the_top:1;                              // x 5\r\n    unsigned switchover_slow_2_floor:1;                                           // x 6\r\n    unsigned door_ground_floor_open:1;                                            // x 7\r\n    unsigned door_ground_floor_closed:1;                                          // x 8\r\n    unsigned door_1_floor_open:1;                                                 // x 9\r\n    unsigned door_1_floor_closed:1;                                               // x10\r\n    unsigned door_2_floor_open:1;                                                 // x11\r\n    unsigned door_2_floor_closed:1;                                               // x12\r\n    unsigned light_barrier_ground_floor:1;                                        // x13\r\n    unsigned light_barrier_1_floor:1;                                             // x14\r\n    unsigned light_barrier_2_floor:1;                                             // x15\r\n    unsigned call_button_ground_floor:1;                                          // x16\r\n    unsigned call_button_1_floor_downward:1;                                      // x17\r\n    unsigned call_button_1_floor_upstairs:1;                                      // x18\r\n    unsigned call_button_2_floor:1;                                               // x19\r\n    unsigned call_button_ground_floor_operator_panel:1;                           // x20\r\n    unsigned call_button_1_floor_operator_panel:1;                                // x21\r\n    unsigned call_button_2_floor_operator_panel:1;                                // x22\r\n    unsigned alert_operator_panel:1;                                              // x23\r\n    unsigned emergency_stop_operator_panel:1;                                     // x24\r\n    unsigned Simulation_overload:1;                                               // x25\r\n\r\n\tunsigned reserve0:6;\r\n\tunsigned int reserve2;\t//16 bit\r\n} Sensor_t;\r\n\r\n#define SensorPointer (uint8_t *)\u0026Sensors\r\n#define ActuatorPointer (uint8_t *)\u0026Actuators\r\n\r\nextern Sensor_t Sensors;\r\nextern Actuator_t Actuators;\r\n\r\n#endif /* ELEVATOR_3FLOORS_H */"},{"name":"Source\\UART0.c","content":"#include \u003cavr/io.h\u003e   \r\n#include \u003cstdint.h\u003e\r\n#include \u003cavr/interrupt.h\u003e\r\n#include \"UART0.h\"\r\n#include \"BusProtectionInterface.h\"\r\n\r\nISR(USART0_RX_vect)\r\n{\r\n\tuint8_t Data = UDR0;\r\n\tBusProtectionNewData(Data);\r\n}\r\n\r\nvoid UART0_init()\r\n{\r\n\tUBRR0L = (F_CPU / (BAUD * 16L) - 1);\r\n\tUCSR0B = ((1\u003c\u003cRXEN0) | (1\u003c\u003cTXEN0) | (1\u003c\u003cRXCIE0));\r\n\tsei();\r\n}\r\n\r\nvoid UART0_put_char(char data)\r\n{\r\n\twhile (!(UCSR0A \u0026 (1\u003c\u003cUDRE0)));\r\n\tUDR0=data;\r\n}\r\n\r\nvoid UART0_print(char *buffer)\r\n{\r\n\twhile(*buffer!=0)\r\n\t{\r\n\t\tUART0_put_char (*buffer);\r\n\t\tbuffer++;\r\n\t}\r\n}\r\n\r\nvoid UART0_put_hex(unsigned char data)\r\n{\r\n\tUART0_put_char('0');\r\n\tUART0_put_char('x');\r\n\tif (((data\u003e\u003e4)+55)\u003e='A') UART0_put_char((data\u003e\u003e4)+55); \r\n\telse UART0_put_char(((data\u00260xF0)\u003e\u003e4)+48);\r\n\t\r\n\tif  ((data\u00260x0F)\u003e9 )UART0_put_char((data\u00260x0F)+55); \r\n\telse UART0_put_char((data\u00260x0F)+48);\r\n}\r\n\r\nvoid UART0_put_dec(unsigned int data)\r\n{\r\n\tif(data==0)\r\n\t{\r\n\t\tUART0_put_char('0');\r\n\t}\r\n\telse\r\n\t{\r\n\t\tunsigned char i=0;\r\n\t\tunsigned char daten[5];\r\n\t\twhile(data\u003e0)\r\n\t\t{\r\n\t\t\tdaten[i]=data%10+48;\r\n\t\t\tdata=data/10;\r\n\t\t\ti++;\r\n\t\t}\r\n\t\tfor(unsigned char j=i;j\u003e0;j--)\r\n\t\tUART0_put_char(daten[j-1]);\r\n\t}\r\n}"},{"name":"Source\\UART0.h","content":"/*\r\n * UART0.h\r\n *\r\n * Created: 30.07.2011 12:48:17\r\n *  Author: Christian\r\n */ \r\n\r\n\r\n#ifndef UART0_H_\r\n#define UART0_H_\r\n\r\n#define BAUD\t57600\r\n#define DEBUG\t0\r\n\r\nvoid UART0_init();\r\nvoid UART0_put_char(char data);\r\nvoid UART0_print(char *buffer);\r\nvoid UART0_put_hex(unsigned char data);\r\nvoid UART0_put_dec(unsigned int data);\r\nvoid UART0_ELV_8(unsigned char data);\r\nvoid UART0_ELV_4(unsigned char data);\r\nuint8_t UART0_get_char(void);\r\n\r\n\r\n\r\n\r\n#endif /* UART0_H_ */"},{"name":"Source\\main.c","content":"#include \u003cavr/io.h\u003e\r\n#include \u003cutil/delay.h\u003e\r\n\r\n#include \"UART0.h\"\r\n#include \"Automaton/Automaton.h\"\r\n#include \"BusProtectionInterface.h\"\r\n\r\nint main(void)\r\n{\r\n\tUART0_init();\r\n\tBusProtectionInterfaceInit();\r\n\t\r\n\tStateMachineInit();\r\n\t\r\n\twhile(1)\r\n    {\r\n\t\tStateMachineUpdate();\r\n\t\tBusProtectionSendData();\t\t\t\r\n    }\r\n}"}]}]