[{"BPUType":"MicroController","PSPUType":"Elevator4Floors","language":"C","name":"EveryFloorOpenDoor","files":[{"name":"EveryFloorOpenDoor/Source/Automaton/Automaton.c","content":"#include \"Automaton.h\"\r\n#include <util/delay.h>\r\n\r\nAutomatStates_t State;\r\n/**\r\nThis function init the state machine.\r\n*/\r\nvoid StateMachineInit(void)\r\n{\r\n\tState= Init;\r\n}\r\n\r\n/**\r\nThis function updated the state machine.\r\n*/\r\nvoid StateMachineUpdate(void)\r\n{\r\n\tswitch (State)\r\n\t{\r\n\t\tcase Init:\r\n\t\t{\r\n\t\t\tActuators.DriveUpwards                            = 0;\r\n\t\t\tActuators.DriveDownwards                          = 0;\r\n\t\t\tActuators.DriveSlowly                             = 0;\r\n\t\t\tActuators.DoorFloor1_Open                         = 0;\r\n\t\t\tActuators.DoorFloor1_Close                        = 0;\r\n\t\t\tActuators.DoorFloor2_Open                         = 0;\r\n\t\t\tActuators.DoorFloor2_Close                        = 0;\r\n\t\t\tActuators.DoorFloor3_Open                         = 0;\r\n\t\t\tActuators.DoorFloor3_Close                        = 0;\r\n\t\t\tActuators.CallDisplayFloor1                       = 0;\r\n\t\t\tActuators.CallDisplayFloor2_Upward                = 0;\r\n\t\t\tActuators.CallDisplayFloor2_Downward              = 0;\r\n\t\t\tActuators.CallDisplayFloor3_Downward              = 0;\r\n\t\t\tActuators.IndicatorDisplayFloor1                  = 0;\r\n\t\t\tActuators.IndicatorDisplayFloor2                  = 0;\r\n\t\t\tActuators.IndicatorDisplayFloor3                  = 0;\r\n\t\t\tActuators.DrivedirectionDisplay_Downward          = 0;\r\n\t\t\tActuators.DrivedirectionDisplay_Upward            = 0;\r\n\t\t\tActuators.ElevatorControl_IndicatorDisplayFloor1  = 0;\r\n\t\t\tActuators.ElevatorControl_IndicatorDisplayFloor2  = 0;\r\n\t\t\tActuators.ElevatorControl_IndicatorDisplayFloor3  = 0;\r\n\t\t\tActuators.ElevatorControl_Alert                   = 0;\r\n\t\t\tActuators.ElevatorControl_EmergencyStop           = 0;\r\n\t\t\tActuators.ElevatorControl_Overload                = 0;\r\n\t\t\tActuators.DoorFloor4_Open                         = 0;\r\n\t\t\tActuators.DoorFloor4_Close                        = 0;\r\n\t\t\tActuators.CallDisplayFloor3_Upwards               = 0;\r\n\t\t\tActuators.CallDisplayFloor4                       = 0;\r\n\t\t\tActuators.IndicatorDisplayFloor4                  = 0;\r\n\t\t\tActuators.CallDisplayControl_ElevatorControl      = 0;\r\n\t\t\t\r\n\t\t\tif (Sensors.ElevatorOnFloor1)\r\n\t\t\t\tState = OpenDoorsFloor1;\r\n\t\t\telse State = DriveToFloor4Up;\r\n\t\t\t\t\t\r\n\t\t\tbreak;\r\n\t\t}\r\n\t\t\r\n\t\tcase DriveToFloor1Down:\r\n\t\t{\r\n\t\t\tActuators.DriveUpwards                            = 0;\r\n\t\t\tActuators.DriveDownwards                          = 1;\r\n\t\t\tActuators.DriveSlowly                             = 0;\r\n\t\t\tActuators.DoorFloor1_Open                         = 0;\r\n\t\t\tActuators.DoorFloor1_Close                        = 0;\r\n\t\t\tActuators.DoorFloor2_Open                         = 0;\r\n\t\t\tActuators.DoorFloor2_Close                        = 0;\r\n\t\t\tActuators.DoorFloor3_Open                         = 0;\r\n\t\t\tActuators.DoorFloor3_Close                        = 0;\r\n\t\t\tActuators.CallDisplayFloor1                       = 0;\r\n\t\t\tActuators.CallDisplayFloor2_Upward                = 0;\r\n\t\t\tActuators.CallDisplayFloor2_Downward              = 0;\r\n\t\t\tActuators.CallDisplayFloor3_Downward              = 0;\r\n\t\t\tActuators.IndicatorDisplayFloor1                  = 0;\r\n\t\t\tActuators.IndicatorDisplayFloor2                  = 0;\r\n\t\t\tActuators.IndicatorDisplayFloor3                  = 0;\r\n\t\t\tActuators.DrivedirectionDisplay_Downward          = 0;\r\n\t\t\tActuators.DrivedirectionDisplay_Upward            = 0;\r\n\t\t\tActuators.ElevatorControl_IndicatorDisplayFloor1  = 0;\r\n\t\t\tActuators.ElevatorControl_IndicatorDisplayFloor2  = 0;\r\n\t\t\tActuators.ElevatorControl_IndicatorDisplayFloor3  = 0;\r\n\t\t\tActuators.ElevatorControl_Alert                   = 0;\r\n\t\t\tActuators.ElevatorControl_EmergencyStop           = 0;\r\n\t\t\tActuators.ElevatorControl_Overload                = 0;\r\n\t\t\tActuators.DoorFloor4_Open                         = 0;\r\n\t\t\tActuators.DoorFloor4_Close                        = 0;\r\n\t\t\tActuators.CallDisplayFloor3_Upwards               = 0;\r\n\t\t\tActuators.CallDisplayFloor4                       = 0;\r\n\t\t\tActuators.IndicatorDisplayFloor4                  = 0;\r\n\t\t\tActuators.CallDisplayControl_ElevatorControl      = 0;\r\n\t\t\t\r\n\t\t\tif (Sensors.ElevatorOnFloor1)\r\n\t\t\tState = OpenDoorsFloor1;\r\n\t\t\t\r\n\t\t\tbreak;\r\n\t\t}\r\n\t\t\r\n\t\tcase DriveToFloor2Up:\r\n\t\t{\r\n\t\t\tActuators.DriveUpwards                            = 1;\r\n\t\t\tActuators.DriveDownwards                          = 0;\r\n\t\t\tActuators.DriveSlowly                             = 0;\r\n\t\t\tActuators.DoorFloor1_Open                         = 0;\r\n\t\t\tActuators.DoorFloor1_Close                        = 0;\r\n\t\t\tActuators.DoorFloor2_Open                         = 0;\r\n\t\t\tActuators.DoorFloor2_Close                        = 0;\r\n\t\t\tActuators.DoorFloor3_Open                         = 0;\r\n\t\t\tActuators.DoorFloor3_Close                        = 0;\r\n\t\t\tActuators.CallDisplayFloor1                       = 0;\r\n\t\t\tActuators.CallDisplayFloor2_Upward                = 0;\r\n\t\t\tActuators.CallDisplayFloor2_Downward              = 0;\r\n\t\t\tActuators.CallDisplayFloor3_Downward              = 0;\r\n\t\t\tActuators.IndicatorDisplayFloor1                  = 0;\r\n\t\t\tActuators.IndicatorDisplayFloor2                  = 0;\r\n\t\t\tActuators.IndicatorDisplayFloor3                  = 0;\r\n\t\t\tActuators.DrivedirectionDisplay_Downward          = 0;\r\n\t\t\tActuators.DrivedirectionDisplay_Upward            = 0;\r\n\t\t\tActuators.ElevatorControl_IndicatorDisplayFloor1  = 0;\r\n\t\t\tActuators.ElevatorControl_IndicatorDisplayFloor2  = 0;\r\n\t\t\tActuators.ElevatorControl_IndicatorDisplayFloor3  = 0;\r\n\t\t\tActuators.ElevatorControl_Alert                   = 0;\r\n\t\t\tActuators.ElevatorControl_EmergencyStop           = 0;\r\n\t\t\tActuators.ElevatorControl_Overload                = 0;\r\n\t\t\tActuators.DoorFloor4_Open                         = 0;\r\n\t\t\tActuators.DoorFloor4_Close                        = 0;\r\n\t\t\tActuators.CallDisplayFloor3_Upwards               = 0;\r\n\t\t\tActuators.CallDisplayFloor4                       = 0;\r\n\t\t\tActuators.IndicatorDisplayFloor4                  = 0;\r\n\t\t\tActuators.CallDisplayControl_ElevatorControl      = 0;\r\n\t\t\t\r\n\t\t\tif (Sensors.ElevatorOnFloor2)\r\n\t\t\tState = OpenDoorsFloor2;\r\n\t\t\t\r\n\t\t\tbreak;\r\n\t\t}\r\n\t\t\r\n\t\tcase DriveToFloor3Up:\r\n\t\t{\r\n\t\t\tActuators.DriveUpwards                            = 1;\r\n\t\t\tActuators.DriveDownwards                          = 0;\r\n\t\t\tActuators.DriveSlowly                             = 0;\r\n\t\t\tActuators.DoorFloor1_Open                         = 0;\r\n\t\t\tActuators.DoorFloor1_Close                        = 0;\r\n\t\t\tActuators.DoorFloor2_Open                         = 0;\r\n\t\t\tActuators.DoorFloor2_Close                        = 0;\r\n\t\t\tActuators.DoorFloor3_Open                         = 0;\r\n\t\t\tActuators.DoorFloor3_Close                        = 0;\r\n\t\t\tActuators.CallDisplayFloor1                       = 0;\r\n\t\t\tActuators.CallDisplayFloor2_Upward                = 0;\r\n\t\t\tActuators.CallDisplayFloor2_Downward              = 0;\r\n\t\t\tActuators.CallDisplayFloor3_Downward              = 0;\r\n\t\t\tActuators.IndicatorDisplayFloor1                  = 0;\r\n\t\t\tActuators.IndicatorDisplayFloor2                  = 0;\r\n\t\t\tActuators.IndicatorDisplayFloor3                  = 0;\r\n\t\t\tActuators.DrivedirectionDisplay_Downward          = 0;\r\n\t\t\tActuators.DrivedirectionDisplay_Upward            = 0;\r\n\t\t\tActuators.ElevatorControl_IndicatorDisplayFloor1  = 0;\r\n\t\t\tActuators.ElevatorControl_IndicatorDisplayFloor2  = 0;\r\n\t\t\tActuators.ElevatorControl_IndicatorDisplayFloor3  = 0;\r\n\t\t\tActuators.ElevatorControl_Alert                   = 0;\r\n\t\t\tActuators.ElevatorControl_EmergencyStop           = 0;\r\n\t\t\tActuators.ElevatorControl_Overload                = 0;\r\n\t\t\tActuators.DoorFloor4_Open                         = 0;\r\n\t\t\tActuators.DoorFloor4_Close                        = 0;\r\n\t\t\tActuators.CallDisplayFloor3_Upwards               = 0;\r\n\t\t\tActuators.CallDisplayFloor4                       = 0;\r\n\t\t\tActuators.IndicatorDisplayFloor4                  = 0;\r\n\t\t\tActuators.CallDisplayControl_ElevatorControl      = 0;\r\n\t\t\t\r\n\t\t\tif (Sensors.ElevatorOnFloor3)\r\n\t\t\tState = OpenDoorsFloor3;\r\n\t\t\t\r\n\t\t\tbreak;\r\n\t\t}\r\n\t\t\r\n\t\tcase DriveToFloor4Up:\r\n\t\t{\r\n\t\t\tActuators.DriveUpwards                            = 1;\r\n\t\t\tActuators.DriveDownwards                          = 0;\r\n\t\t\tActuators.DriveSlowly                             = 0;\r\n\t\t\tActuators.DoorFloor1_Open                         = 0;\r\n\t\t\tActuators.DoorFloor1_Close                        = 0;\r\n\t\t\tActuators.DoorFloor2_Open                         = 0;\r\n\t\t\tActuators.DoorFloor2_Close                        = 0;\r\n\t\t\tActuators.DoorFloor3_Open                         = 0;\r\n\t\t\tActuators.DoorFloor3_Close                        = 0;\r\n\t\t\tActuators.CallDisplayFloor1                       = 0;\r\n\t\t\tActuators.CallDisplayFloor2_Upward                = 0;\r\n\t\t\tActuators.CallDisplayFloor2_Downward              = 0;\r\n\t\t\tActuators.CallDisplayFloor3_Downward              = 0;\r\n\t\t\tActuators.IndicatorDisplayFloor1                  = 0;\r\n\t\t\tActuators.IndicatorDisplayFloor2                  = 0;\r\n\t\t\tActuators.IndicatorDisplayFloor3                  = 0;\r\n\t\t\tActuators.DrivedirectionDisplay_Downward          = 0;\r\n\t\t\tActuators.DrivedirectionDisplay_Upward            = 0;\r\n\t\t\tActuators.ElevatorControl_IndicatorDisplayFloor1  = 0;\r\n\t\t\tActuators.ElevatorControl_IndicatorDisplayFloor2  = 0;\r\n\t\t\tActuators.ElevatorControl_IndicatorDisplayFloor3  = 0;\r\n\t\t\tActuators.ElevatorControl_Alert                   = 0;\r\n\t\t\tActuators.ElevatorControl_EmergencyStop           = 0;\r\n\t\t\tActuators.ElevatorControl_Overload                = 0;\r\n\t\t\tActuators.DoorFloor4_Open                         = 0;\r\n\t\t\tActuators.DoorFloor4_Close                        = 0;\r\n\t\t\tActuators.CallDisplayFloor3_Upwards               = 0;\r\n\t\t\tActuators.CallDisplayFloor4                       = 0;\r\n\t\t\tActuators.IndicatorDisplayFloor4                  = 0;\r\n\t\t\tActuators.CallDisplayControl_ElevatorControl      = 0;\r\n\t\t\t\r\n\t\t\tif (Sensors.ElevatorOnFloor4)\r\n\t\t\tState = OpenDoorsFloor4;\r\n\t\t\t\r\n\t\t\tbreak;\r\n\t\t}\r\n\t\t\r\n\t\tcase OpenDoorsFloor1:\r\n\t\t{\r\n\t\t\tActuators.DriveUpwards                            = 0;\r\n\t\t\tActuators.DriveDownwards                          = 0;\r\n\t\t\tActuators.DriveSlowly                             = 0;\r\n\t\t\tActuators.DoorFloor1_Open                         = 1;\r\n\t\t\tActuators.DoorFloor1_Close                        = 0;\r\n\t\t\tActuators.DoorFloor2_Open                         = 0;\r\n\t\t\tActuators.DoorFloor2_Close                        = 0;\r\n\t\t\tActuators.DoorFloor3_Open                         = 0;\r\n\t\t\tActuators.DoorFloor3_Close                        = 0;\r\n\t\t\tActuators.CallDisplayFloor1                       = 0;\r\n\t\t\tActuators.CallDisplayFloor2_Upward                = 0;\r\n\t\t\tActuators.CallDisplayFloor2_Downward              = 0;\r\n\t\t\tActuators.CallDisplayFloor3_Downward              = 0;\r\n\t\t\tActuators.IndicatorDisplayFloor1                  = 0;\r\n\t\t\tActuators.IndicatorDisplayFloor2                  = 0;\r\n\t\t\tActuators.IndicatorDisplayFloor3                  = 0;\r\n\t\t\tActuators.DrivedirectionDisplay_Downward          = 0;\r\n\t\t\tActuators.DrivedirectionDisplay_Upward            = 0;\r\n\t\t\tActuators.ElevatorControl_IndicatorDisplayFloor1  = 0;\r\n\t\t\tActuators.ElevatorControl_IndicatorDisplayFloor2  = 0;\r\n\t\t\tActuators.ElevatorControl_IndicatorDisplayFloor3  = 0;\r\n\t\t\tActuators.ElevatorControl_Alert                   = 0;\r\n\t\t\tActuators.ElevatorControl_EmergencyStop           = 0;\r\n\t\t\tActuators.ElevatorControl_Overload                = 0;\r\n\t\t\tActuators.DoorFloor4_Open                         = 0;\r\n\t\t\tActuators.DoorFloor4_Close                        = 0;\r\n\t\t\tActuators.CallDisplayFloor3_Upwards               = 0;\r\n\t\t\tActuators.CallDisplayFloor4                       = 0;\r\n\t\t\tActuators.IndicatorDisplayFloor4                  = 0;\r\n\t\t\tActuators.CallDisplayControl_ElevatorControl      = 0;\r\n\t\t\t\r\n\t\t\tif (Sensors.Floor1_DoorOpen)\r\n\t\t\tState = Wait3SecondsFloor1;\r\n\t\t\t\r\n\t\t\tbreak;\r\n\t\t}\r\n\t\t\r\n\t\tcase CloseDoorsFloor1:\r\n\t\t{\r\n\t\t\tActuators.DriveUpwards                            = 0;\r\n\t\t\tActuators.DriveDownwards                          = 0;\r\n\t\t\tActuators.DriveSlowly                             = 0;\r\n\t\t\tActuators.DoorFloor1_Open                         = 0;\r\n\t\t\tActuators.DoorFloor1_Close                        = 1;\r\n\t\t\tActuators.DoorFloor2_Open                         = 0;\r\n\t\t\tActuators.DoorFloor2_Close                        = 0;\r\n\t\t\tActuators.DoorFloor3_Open                         = 0;\r\n\t\t\tActuators.DoorFloor3_Close                        = 0;\r\n\t\t\tActuators.CallDisplayFloor1                       = 0;\r\n\t\t\tActuators.CallDisplayFloor2_Upward                = 0;\r\n\t\t\tActuators.CallDisplayFloor2_Downward              = 0;\r\n\t\t\tActuators.CallDisplayFloor3_Downward              = 0;\r\n\t\t\tActuators.IndicatorDisplayFloor1                  = 0;\r\n\t\t\tActuators.IndicatorDisplayFloor2                  = 0;\r\n\t\t\tActuators.IndicatorDisplayFloor3                  = 0;\r\n\t\t\tActuators.DrivedirectionDisplay_Downward          = 0;\r\n\t\t\tActuators.DrivedirectionDisplay_Upward            = 0;\r\n\t\t\tActuators.ElevatorControl_IndicatorDisplayFloor1  = 0;\r\n\t\t\tActuators.ElevatorControl_IndicatorDisplayFloor2  = 0;\r\n\t\t\tActuators.ElevatorControl_IndicatorDisplayFloor3  = 0;\r\n\t\t\tActuators.ElevatorControl_Alert                   = 0;\r\n\t\t\tActuators.ElevatorControl_EmergencyStop           = 0;\r\n\t\t\tActuators.ElevatorControl_Overload                = 0;\r\n\t\t\tActuators.DoorFloor4_Open                         = 0;\r\n\t\t\tActuators.DoorFloor4_Close                        = 0;\r\n\t\t\tActuators.CallDisplayFloor3_Upwards               = 0;\r\n\t\t\tActuators.CallDisplayFloor4                       = 0;\r\n\t\t\tActuators.IndicatorDisplayFloor4                  = 0;\r\n\t\t\tActuators.CallDisplayControl_ElevatorControl      = 0;\r\n\t\t\t\r\n\t\t\tif (Sensors.Floor1_DoorClosed)\r\n\t\t\tState = DriveToFloor2Up;\r\n\t\t\t\r\n\t\t\tbreak;\r\n\t\t}\r\n\t\t\r\n\t\tcase CloseDoorsFloor2:\r\n\t\t{\r\n\t\t\tActuators.DriveUpwards                            = 0;\r\n\t\t\tActuators.DriveDownwards                          = 0;\r\n\t\t\tActuators.DriveSlowly                             = 0;\r\n\t\t\tActuators.DoorFloor1_Open                         = 0;\r\n\t\t\tActuators.DoorFloor1_Close                        = 0;\r\n\t\t\tActuators.DoorFloor2_Open                         = 0;\r\n\t\t\tActuators.DoorFloor2_Close                        = 1;\r\n\t\t\tActuators.DoorFloor3_Open                         = 0;\r\n\t\t\tActuators.DoorFloor3_Close                        = 0;\r\n\t\t\tActuators.CallDisplayFloor1                       = 0;\r\n\t\t\tActuators.CallDisplayFloor2_Upward                = 0;\r\n\t\t\tActuators.CallDisplayFloor2_Downward              = 0;\r\n\t\t\tActuators.CallDisplayFloor3_Downward              = 0;\r\n\t\t\tActuators.IndicatorDisplayFloor1                  = 0;\r\n\t\t\tActuators.IndicatorDisplayFloor2                  = 0;\r\n\t\t\tActuators.IndicatorDisplayFloor3                  = 0;\r\n\t\t\tActuators.DrivedirectionDisplay_Downward          = 0;\r\n\t\t\tActuators.DrivedirectionDisplay_Upward            = 0;\r\n\t\t\tActuators.ElevatorControl_IndicatorDisplayFloor1  = 0;\r\n\t\t\tActuators.ElevatorControl_IndicatorDisplayFloor2  = 0;\r\n\t\t\tActuators.ElevatorControl_IndicatorDisplayFloor3  = 0;\r\n\t\t\tActuators.ElevatorControl_Alert                   = 0;\r\n\t\t\tActuators.ElevatorControl_EmergencyStop           = 0;\r\n\t\t\tActuators.ElevatorControl_Overload                = 0;\r\n\t\t\tActuators.DoorFloor4_Open                         = 0;\r\n\t\t\tActuators.DoorFloor4_Close                        = 0;\r\n\t\t\tActuators.CallDisplayFloor3_Upwards               = 0;\r\n\t\t\tActuators.CallDisplayFloor4                       = 0;\r\n\t\t\tActuators.IndicatorDisplayFloor4                  = 0;\r\n\t\t\tActuators.CallDisplayControl_ElevatorControl      = 0;\r\n\t\t\t\r\n\t\t\tif (Sensors.Floor2_DoorClosed)\r\n\t\t\tState = DriveToFloor3Up;\r\n\t\t\t\r\n\t\t\tbreak;\r\n\t\t}\r\n\t\t\r\n\t\t\r\n\t\tcase CloseDoorsFloor3:\r\n\t\t{\r\n\t\t\tActuators.DriveUpwards                            = 0;\r\n\t\t\tActuators.DriveDownwards                          = 0;\r\n\t\t\tActuators.DriveSlowly                             = 0;\r\n\t\t\tActuators.DoorFloor1_Open                         = 0;\r\n\t\t\tActuators.DoorFloor1_Close                        = 0;\r\n\t\t\tActuators.DoorFloor2_Open                         = 0;\r\n\t\t\tActuators.DoorFloor2_Close                        = 0;\r\n\t\t\tActuators.DoorFloor3_Open                         = 0;\r\n\t\t\tActuators.DoorFloor3_Close                        = 1;\r\n\t\t\tActuators.CallDisplayFloor1                       = 0;\r\n\t\t\tActuators.CallDisplayFloor2_Upward                = 0;\r\n\t\t\tActuators.CallDisplayFloor2_Downward              = 0;\r\n\t\t\tActuators.CallDisplayFloor3_Downward              = 0;\r\n\t\t\tActuators.IndicatorDisplayFloor1                  = 0;\r\n\t\t\tActuators.IndicatorDisplayFloor2                  = 0;\r\n\t\t\tActuators.IndicatorDisplayFloor3                  = 0;\r\n\t\t\tActuators.DrivedirectionDisplay_Downward          = 0;\r\n\t\t\tActuators.DrivedirectionDisplay_Upward            = 0;\r\n\t\t\tActuators.ElevatorControl_IndicatorDisplayFloor1  = 0;\r\n\t\t\tActuators.ElevatorControl_IndicatorDisplayFloor2  = 0;\r\n\t\t\tActuators.ElevatorControl_IndicatorDisplayFloor3  = 0;\r\n\t\t\tActuators.ElevatorControl_Alert                   = 0;\r\n\t\t\tActuators.ElevatorControl_EmergencyStop           = 0;\r\n\t\t\tActuators.ElevatorControl_Overload                = 0;\r\n\t\t\tActuators.DoorFloor4_Open                         = 0;\r\n\t\t\tActuators.DoorFloor4_Close                        = 0;\r\n\t\t\tActuators.CallDisplayFloor3_Upwards               = 0;\r\n\t\t\tActuators.CallDisplayFloor4                       = 0;\r\n\t\t\tActuators.IndicatorDisplayFloor4                  = 0;\r\n\t\t\tActuators.CallDisplayControl_ElevatorControl      = 0;\r\n\t\t\t\r\n\t\t\tif (Sensors.Floor3_DoorClosed)\r\n\t\t\tState = DriveToFloor4Up;\r\n\t\t\t\r\n\t\t\tbreak;\r\n\t\t}\r\n\t\t\r\n\t\tcase CloseDoorsFloor4:\r\n\t\t{\r\n\t\t\tActuators.DriveUpwards                            = 0;\r\n\t\t\tActuators.DriveDownwards                          = 0;\r\n\t\t\tActuators.DriveSlowly                             = 0;\r\n\t\t\tActuators.DoorFloor1_Open                         = 0;\r\n\t\t\tActuators.DoorFloor1_Close                        = 0;\r\n\t\t\tActuators.DoorFloor2_Open                         = 0;\r\n\t\t\tActuators.DoorFloor2_Close                        = 0;\r\n\t\t\tActuators.DoorFloor3_Open                         = 0;\r\n\t\t\tActuators.DoorFloor3_Close                        = 0;\r\n\t\t\tActuators.CallDisplayFloor1                       = 0;\r\n\t\t\tActuators.CallDisplayFloor2_Upward                = 0;\r\n\t\t\tActuators.CallDisplayFloor2_Downward              = 0;\r\n\t\t\tActuators.CallDisplayFloor3_Downward              = 0;\r\n\t\t\tActuators.IndicatorDisplayFloor1                  = 0;\r\n\t\t\tActuators.IndicatorDisplayFloor2                  = 0;\r\n\t\t\tActuators.IndicatorDisplayFloor3                  = 0;\r\n\t\t\tActuators.DrivedirectionDisplay_Downward          = 0;\r\n\t\t\tActuators.DrivedirectionDisplay_Upward            = 0;\r\n\t\t\tActuators.ElevatorControl_IndicatorDisplayFloor1  = 0;\r\n\t\t\tActuators.ElevatorControl_IndicatorDisplayFloor2  = 0;\r\n\t\t\tActuators.ElevatorControl_IndicatorDisplayFloor3  = 0;\r\n\t\t\tActuators.ElevatorControl_Alert                   = 0;\r\n\t\t\tActuators.ElevatorControl_EmergencyStop           = 0;\r\n\t\t\tActuators.ElevatorControl_Overload                = 0;\r\n\t\t\tActuators.DoorFloor4_Open                         = 0;\r\n\t\t\tActuators.DoorFloor4_Close                        = 1;\r\n\t\t\tActuators.CallDisplayFloor3_Upwards               = 0;\r\n\t\t\tActuators.CallDisplayFloor4                       = 0;\r\n\t\t\tActuators.IndicatorDisplayFloor4                  = 0;\r\n\t\t\tActuators.CallDisplayControl_ElevatorControl      = 0;\r\n\t\t\t\r\n\t\t\tif (Sensors.Floor4_DoorClosed)\r\n\t\t\tState = DriveToFloor1Down;\r\n\t\t\t\r\n\t\t\tbreak;\r\n\t\t}\r\n\t\t\r\n\t\tcase OpenDoorsFloor2:\r\n\t\t{\r\n\t\t\tActuators.DriveUpwards                            = 0;\r\n\t\t\tActuators.DriveDownwards                          = 0;\r\n\t\t\tActuators.DriveSlowly                             = 0;\r\n\t\t\tActuators.DoorFloor1_Open                         = 0;\r\n\t\t\tActuators.DoorFloor1_Close                        = 0;\r\n\t\t\tActuators.DoorFloor2_Open                         = 1;\r\n\t\t\tActuators.DoorFloor2_Close                        = 0;\r\n\t\t\tActuators.DoorFloor3_Open                         = 0;\r\n\t\t\tActuators.DoorFloor3_Close                        = 0;\r\n\t\t\tActuators.CallDisplayFloor1                       = 0;\r\n\t\t\tActuators.CallDisplayFloor2_Upward                = 0;\r\n\t\t\tActuators.CallDisplayFloor2_Downward              = 0;\r\n\t\t\tActuators.CallDisplayFloor3_Downward              = 0;\r\n\t\t\tActuators.IndicatorDisplayFloor1                  = 0;\r\n\t\t\tActuators.IndicatorDisplayFloor2                  = 0;\r\n\t\t\tActuators.IndicatorDisplayFloor3                  = 0;\r\n\t\t\tActuators.DrivedirectionDisplay_Downward          = 0;\r\n\t\t\tActuators.DrivedirectionDisplay_Upward            = 0;\r\n\t\t\tActuators.ElevatorControl_IndicatorDisplayFloor1  = 0;\r\n\t\t\tActuators.ElevatorControl_IndicatorDisplayFloor2  = 0;\r\n\t\t\tActuators.ElevatorControl_IndicatorDisplayFloor3  = 0;\r\n\t\t\tActuators.ElevatorControl_Alert                   = 0;\r\n\t\t\tActuators.ElevatorControl_EmergencyStop           = 0;\r\n\t\t\tActuators.ElevatorControl_Overload                = 0;\r\n\t\t\tActuators.DoorFloor4_Open                         = 0;\r\n\t\t\tActuators.DoorFloor4_Close                        = 0;\r\n\t\t\tActuators.CallDisplayFloor3_Upwards               = 0;\r\n\t\t\tActuators.CallDisplayFloor4                       = 0;\r\n\t\t\tActuators.IndicatorDisplayFloor4                  = 0;\r\n\t\t\tActuators.CallDisplayControl_ElevatorControl      = 0;\r\n\t\t\t\r\n\t\t\tif (Sensors.Floor2_DoorOpen)\r\n\t\t\tState = Wait3SecondsFloor2;\r\n\t\t\t\r\n\t\t\tbreak;\r\n\t\t}\r\n\t\t\r\n\t\t\r\n\t\tcase OpenDoorsFloor3:\r\n\t\t{\r\n\t\t\tActuators.DriveUpwards                            = 0;\r\n\t\t\tActuators.DriveDownwards                          = 0;\r\n\t\t\tActuators.DriveSlowly                             = 0;\r\n\t\t\tActuators.DoorFloor1_Open                         = 0;\r\n\t\t\tActuators.DoorFloor1_Close                        = 0;\r\n\t\t\tActuators.DoorFloor2_Open                         = 0;\r\n\t\t\tActuators.DoorFloor2_Close                        = 0;\r\n\t\t\tActuators.DoorFloor3_Open                         = 1;\r\n\t\t\tActuators.DoorFloor3_Close                        = 0;\r\n\t\t\tActuators.CallDisplayFloor1                       = 0;\r\n\t\t\tActuators.CallDisplayFloor2_Upward                = 0;\r\n\t\t\tActuators.CallDisplayFloor2_Downward              = 0;\r\n\t\t\tActuators.CallDisplayFloor3_Downward              = 0;\r\n\t\t\tActuators.IndicatorDisplayFloor1                  = 0;\r\n\t\t\tActuators.IndicatorDisplayFloor2                  = 0;\r\n\t\t\tActuators.IndicatorDisplayFloor3                  = 0;\r\n\t\t\tActuators.DrivedirectionDisplay_Downward          = 0;\r\n\t\t\tActuators.DrivedirectionDisplay_Upward            = 0;\r\n\t\t\tActuators.ElevatorControl_IndicatorDisplayFloor1  = 0;\r\n\t\t\tActuators.ElevatorControl_IndicatorDisplayFloor2  = 0;\r\n\t\t\tActuators.ElevatorControl_IndicatorDisplayFloor3  = 0;\r\n\t\t\tActuators.ElevatorControl_Alert                   = 0;\r\n\t\t\tActuators.ElevatorControl_EmergencyStop           = 0;\r\n\t\t\tActuators.ElevatorControl_Overload                = 0;\r\n\t\t\tActuators.DoorFloor4_Open                         = 0;\r\n\t\t\tActuators.DoorFloor4_Close                        = 0;\r\n\t\t\tActuators.CallDisplayFloor3_Upwards               = 0;\r\n\t\t\tActuators.CallDisplayFloor4                       = 0;\r\n\t\t\tActuators.IndicatorDisplayFloor4                  = 0;\r\n\t\t\tActuators.CallDisplayControl_ElevatorControl      = 0;\r\n\t\t\t\r\n\t\t\tif (Sensors.Floor3_DoorOpen)\r\n\t\t\tState = Wait3SecondsFloor3;\r\n\t\t\t\r\n\t\t\tbreak;\r\n\t\t}\r\n\t\t\r\n\t\tcase OpenDoorsFloor4:\r\n\t\t{\r\n\t\t\tActuators.DriveUpwards                            = 0;\r\n\t\t\tActuators.DriveDownwards                          = 0;\r\n\t\t\tActuators.DriveSlowly                             = 0;\r\n\t\t\tActuators.DoorFloor1_Open                         = 0;\r\n\t\t\tActuators.DoorFloor1_Close                        = 0;\r\n\t\t\tActuators.DoorFloor2_Open                         = 0;\r\n\t\t\tActuators.DoorFloor2_Close                        = 0;\r\n\t\t\tActuators.DoorFloor3_Open                         = 0;\r\n\t\t\tActuators.DoorFloor3_Close                        = 0;\r\n\t\t\tActuators.CallDisplayFloor1                       = 0;\r\n\t\t\tActuators.CallDisplayFloor2_Upward                = 0;\r\n\t\t\tActuators.CallDisplayFloor2_Downward              = 0;\r\n\t\t\tActuators.CallDisplayFloor3_Downward              = 0;\r\n\t\t\tActuators.IndicatorDisplayFloor1                  = 0;\r\n\t\t\tActuators.IndicatorDisplayFloor2                  = 0;\r\n\t\t\tActuators.IndicatorDisplayFloor3                  = 0;\r\n\t\t\tActuators.DrivedirectionDisplay_Downward          = 0;\r\n\t\t\tActuators.DrivedirectionDisplay_Upward            = 0;\r\n\t\t\tActuators.ElevatorControl_IndicatorDisplayFloor1  = 0;\r\n\t\t\tActuators.ElevatorControl_IndicatorDisplayFloor2  = 0;\r\n\t\t\tActuators.ElevatorControl_IndicatorDisplayFloor3  = 0;\r\n\t\t\tActuators.ElevatorControl_Alert                   = 0;\r\n\t\t\tActuators.ElevatorControl_EmergencyStop           = 0;\r\n\t\t\tActuators.ElevatorControl_Overload                = 0;\r\n\t\t\tActuators.DoorFloor4_Open                         = 1;\r\n\t\t\tActuators.DoorFloor4_Close                        = 0;\r\n\t\t\tActuators.CallDisplayFloor3_Upwards               = 0;\r\n\t\t\tActuators.CallDisplayFloor4                       = 0;\r\n\t\t\tActuators.IndicatorDisplayFloor4                  = 0;\r\n\t\t\tActuators.CallDisplayControl_ElevatorControl      = 0;\r\n\t\t\t\r\n\t\t\tif (Sensors.Floor4_DoorOpen)\r\n\t\t\tState = Wait3SecondsFloor4;\r\n\t\t\t\r\n\t\t\tbreak;\r\n\t\t}\r\n\t\t\r\n\t\tcase Wait3SecondsFloor1:\r\n\t\t{\r\n\t\t\tActuators.DriveUpwards                            = 0;\r\n\t\t\tActuators.DriveDownwards                          = 0;\r\n\t\t\tActuators.DriveSlowly                             = 0;\r\n\t\t\tActuators.DoorFloor1_Open                         = 0;\r\n\t\t\tActuators.DoorFloor1_Close                        = 0;\r\n\t\t\tActuators.DoorFloor2_Open                         = 0;\r\n\t\t\tActuators.DoorFloor2_Close                        = 0;\r\n\t\t\tActuators.DoorFloor3_Open                         = 0;\r\n\t\t\tActuators.DoorFloor3_Close                        = 0;\r\n\t\t\tActuators.CallDisplayFloor1                       = 0;\r\n\t\t\tActuators.CallDisplayFloor2_Upward                = 0;\r\n\t\t\tActuators.CallDisplayFloor2_Downward              = 0;\r\n\t\t\tActuators.CallDisplayFloor3_Downward              = 0;\r\n\t\t\tActuators.IndicatorDisplayFloor1                  = 0;\r\n\t\t\tActuators.IndicatorDisplayFloor2                  = 0;\r\n\t\t\tActuators.IndicatorDisplayFloor3                  = 0;\r\n\t\t\tActuators.DrivedirectionDisplay_Downward          = 0;\r\n\t\t\tActuators.DrivedirectionDisplay_Upward            = 0;\r\n\t\t\tActuators.ElevatorControl_IndicatorDisplayFloor1  = 0;\r\n\t\t\tActuators.ElevatorControl_IndicatorDisplayFloor2  = 0;\r\n\t\t\tActuators.ElevatorControl_IndicatorDisplayFloor3  = 0;\r\n\t\t\tActuators.ElevatorControl_Alert                   = 0;\r\n\t\t\tActuators.ElevatorControl_EmergencyStop           = 0;\r\n\t\t\tActuators.ElevatorControl_Overload                = 0;\r\n\t\t\tActuators.DoorFloor4_Open                         = 0;\r\n\t\t\tActuators.DoorFloor4_Close                        = 0;\r\n\t\t\tActuators.CallDisplayFloor3_Upwards               = 0;\r\n\t\t\tActuators.CallDisplayFloor4                       = 0;\r\n\t\t\tActuators.IndicatorDisplayFloor4                  = 0;\r\n\t\t\tActuators.CallDisplayControl_ElevatorControl      = 0;\r\n\t\t\t\r\n\t\t\t_delay_ms(3000);\r\n\t\t\tState = CloseDoorsFloor1;\r\n\t\t\t\r\n\t\t\tbreak;\r\n\t\t}\r\n\t\t\r\n\t\tcase Wait3SecondsFloor2:\r\n\t\t{\r\n\t\t\tActuators.DriveUpwards                            = 0;\r\n\t\t\tActuators.DriveDownwards                          = 0;\r\n\t\t\tActuators.DriveSlowly                             = 0;\r\n\t\t\tActuators.DoorFloor1_Open                         = 0;\r\n\t\t\tActuators.DoorFloor1_Close                        = 0;\r\n\t\t\tActuators.DoorFloor2_Open                         = 0;\r\n\t\t\tActuators.DoorFloor2_Close                        = 0;\r\n\t\t\tActuators.DoorFloor3_Open                         = 0;\r\n\t\t\tActuators.DoorFloor3_Close                        = 0;\r\n\t\t\tActuators.CallDisplayFloor1                       = 0;\r\n\t\t\tActuators.CallDisplayFloor2_Upward                = 0;\r\n\t\t\tActuators.CallDisplayFloor2_Downward              = 0;\r\n\t\t\tActuators.CallDisplayFloor3_Downward              = 0;\r\n\t\t\tActuators.IndicatorDisplayFloor1                  = 0;\r\n\t\t\tActuators.IndicatorDisplayFloor2                  = 0;\r\n\t\t\tActuators.IndicatorDisplayFloor3                  = 0;\r\n\t\t\tActuators.DrivedirectionDisplay_Downward          = 0;\r\n\t\t\tActuators.DrivedirectionDisplay_Upward            = 0;\r\n\t\t\tActuators.ElevatorControl_IndicatorDisplayFloor1  = 0;\r\n\t\t\tActuators.ElevatorControl_IndicatorDisplayFloor2  = 0;\r\n\t\t\tActuators.ElevatorControl_IndicatorDisplayFloor3  = 0;\r\n\t\t\tActuators.ElevatorControl_Alert                   = 0;\r\n\t\t\tActuators.ElevatorControl_EmergencyStop           = 0;\r\n\t\t\tActuators.ElevatorControl_Overload                = 0;\r\n\t\t\tActuators.DoorFloor4_Open                         = 0;\r\n\t\t\tActuators.DoorFloor4_Close                        = 0;\r\n\t\t\tActuators.CallDisplayFloor3_Upwards               = 0;\r\n\t\t\tActuators.CallDisplayFloor4                       = 0;\r\n\t\t\tActuators.IndicatorDisplayFloor4                  = 0;\r\n\t\t\tActuators.CallDisplayControl_ElevatorControl      = 0;\r\n\t\t\t\r\n\t\t\t_delay_ms(3000);\r\n\t\t\tState = CloseDoorsFloor2;\r\n\t\t\t\r\n\t\t\tbreak;\r\n\t\t}\r\n\t\t\r\n\t\tcase Wait3SecondsFloor3:\r\n\t\t{\r\n\t\t\tActuators.DriveUpwards                            = 0;\r\n\t\t\tActuators.DriveDownwards                          = 0;\r\n\t\t\tActuators.DriveSlowly                             = 0;\r\n\t\t\tActuators.DoorFloor1_Open                         = 0;\r\n\t\t\tActuators.DoorFloor1_Close                        = 0;\r\n\t\t\tActuators.DoorFloor2_Open                         = 0;\r\n\t\t\tActuators.DoorFloor2_Close                        = 0;\r\n\t\t\tActuators.DoorFloor3_Open                         = 0;\r\n\t\t\tActuators.DoorFloor3_Close                        = 0;\r\n\t\t\tActuators.CallDisplayFloor1                       = 0;\r\n\t\t\tActuators.CallDisplayFloor2_Upward                = 0;\r\n\t\t\tActuators.CallDisplayFloor2_Downward              = 0;\r\n\t\t\tActuators.CallDisplayFloor3_Downward              = 0;\r\n\t\t\tActuators.IndicatorDisplayFloor1                  = 0;\r\n\t\t\tActuators.IndicatorDisplayFloor2                  = 0;\r\n\t\t\tActuators.IndicatorDisplayFloor3                  = 0;\r\n\t\t\tActuators.DrivedirectionDisplay_Downward          = 0;\r\n\t\t\tActuators.DrivedirectionDisplay_Upward            = 0;\r\n\t\t\tActuators.ElevatorControl_IndicatorDisplayFloor1  = 0;\r\n\t\t\tActuators.ElevatorControl_IndicatorDisplayFloor2  = 0;\r\n\t\t\tActuators.ElevatorControl_IndicatorDisplayFloor3  = 0;\r\n\t\t\tActuators.ElevatorControl_Alert                   = 0;\r\n\t\t\tActuators.ElevatorControl_EmergencyStop           = 0;\r\n\t\t\tActuators.ElevatorControl_Overload                = 0;\r\n\t\t\tActuators.DoorFloor4_Open                         = 0;\r\n\t\t\tActuators.DoorFloor4_Close                        = 0;\r\n\t\t\tActuators.CallDisplayFloor3_Upwards               = 0;\r\n\t\t\tActuators.CallDisplayFloor4                       = 0;\r\n\t\t\tActuators.IndicatorDisplayFloor4                  = 0;\r\n\t\t\tActuators.CallDisplayControl_ElevatorControl      = 0;\r\n\t\t\t\r\n\t\t\t_delay_ms(3000);\r\n\t\t\tState = CloseDoorsFloor3;\r\n\t\t\t\r\n\t\t\tbreak;\r\n\t\t}\r\n\t\t\r\n\t\tcase Wait3SecondsFloor4:\r\n\t\t{\r\n\t\t\tActuators.DriveUpwards                            = 0;\r\n\t\t\tActuators.DriveDownwards                          = 0;\r\n\t\t\tActuators.DriveSlowly                             = 0;\r\n\t\t\tActuators.DoorFloor1_Open                         = 0;\r\n\t\t\tActuators.DoorFloor1_Close                        = 0;\r\n\t\t\tActuators.DoorFloor2_Open                         = 0;\r\n\t\t\tActuators.DoorFloor2_Close                        = 0;\r\n\t\t\tActuators.DoorFloor3_Open                         = 0;\r\n\t\t\tActuators.DoorFloor3_Close                        = 0;\r\n\t\t\tActuators.CallDisplayFloor1                       = 0;\r\n\t\t\tActuators.CallDisplayFloor2_Upward                = 0;\r\n\t\t\tActuators.CallDisplayFloor2_Downward              = 0;\r\n\t\t\tActuators.CallDisplayFloor3_Downward              = 0;\r\n\t\t\tActuators.IndicatorDisplayFloor1                  = 0;\r\n\t\t\tActuators.IndicatorDisplayFloor2                  = 0;\r\n\t\t\tActuators.IndicatorDisplayFloor3                  = 0;\r\n\t\t\tActuators.DrivedirectionDisplay_Downward          = 0;\r\n\t\t\tActuators.DrivedirectionDisplay_Upward            = 0;\r\n\t\t\tActuators.ElevatorControl_IndicatorDisplayFloor1  = 0;\r\n\t\t\tActuators.ElevatorControl_IndicatorDisplayFloor2  = 0;\r\n\t\t\tActuators.ElevatorControl_IndicatorDisplayFloor3  = 0;\r\n\t\t\tActuators.ElevatorControl_Alert                   = 0;\r\n\t\t\tActuators.ElevatorControl_EmergencyStop           = 0;\r\n\t\t\tActuators.ElevatorControl_Overload                = 0;\r\n\t\t\tActuators.DoorFloor4_Open                         = 0;\r\n\t\t\tActuators.DoorFloor4_Close                        = 0;\r\n\t\t\tActuators.CallDisplayFloor3_Upwards               = 0;\r\n\t\t\tActuators.CallDisplayFloor4                       = 0;\r\n\t\t\tActuators.IndicatorDisplayFloor4                  = 0;\r\n\t\t\tActuators.CallDisplayControl_ElevatorControl      = 0;\r\n\t\t\t\r\n\t\t\t_delay_ms(3000);\r\n\t\t\tState = CloseDoorsFloor4;\r\n\t\t\t\r\n\t\t\tbreak;\r\n\t\t}\r\n\t}\r\n\t\r\n\r\n}","reload":true,"markers":[],"severity":0},{"name":"EveryFloorOpenDoor/Source/Automaton/Automaton.h","content":"#ifndef AUTOMAT_H_\r\n#define AUTOMAT_H_\r\n\r\n#include \"Elevator4Floor.h\"\r\n\r\ntypedef enum\r\n{\r\n\tInit,\r\n\tDriveToFloor1Down,\r\n\tDriveToFloor2Up,\r\n\tDriveToFloor3Up,\r\n\tDriveToFloor4Up,\r\n\tOpenDoorsFloor1,\r\n\tOpenDoorsFloor2,\r\n\tOpenDoorsFloor3,\r\n\tOpenDoorsFloor4,\r\n\tCloseDoorsFloor1,\r\n\tCloseDoorsFloor2,\r\n\tCloseDoorsFloor3,\r\n\tCloseDoorsFloor4,\r\n\tWait3SecondsFloor1,\r\n\tWait3SecondsFloor2,\r\n\tWait3SecondsFloor3,\r\n\tWait3SecondsFloor4,\r\n}AutomatStates_t;\r\n\r\nextern void StateMachineInit(void);\t\t// This function init the state machine.\r\nextern void StateMachineUpdate(void);\t// This function updated the state machine.\r\n\r\n\r\n#endif /* AUTOMAT_H_ */","reload":true,"markers":[],"severity":0},{"name":"EveryFloorOpenDoor/Source/Interfaces/BusProtectionInterface.c","content":"#include <stdint.h>\r\n#include <util/delay.h>\r\n\r\n#include \"BusProtectionInterface.h\"\r\n#include \"../Automaton/Automaton.h\"\r\n#include \"../UART0.h\"\r\n\r\nuint8_t *BusProtectionOutputBuffer;\r\nuint8_t *BusProtectionInputBuffer;\r\n\r\nuint8_t ReceiveIndex;\r\nuint8_t TmpBuffer[6];\r\n\r\nvoid BusProtectionInterfaceInit(void)\r\n{\r\n\tBusProtectionOutputBuffer = ActuatorPointer;\r\n\tBusProtectionInputBuffer = SensorPointer;\r\n\tReceiveIndex = 0;\r\n}\r\n\r\nvoid BusProtectionSendData(void)\r\n{\r\n\tUART0_put_char(0xFF);\r\n\tfor (uint8_t i=0; i<6;i++)\r\n\t{\r\n\t\tif(BusProtectionOutputBuffer[i] >= 0x80)\r\n\t\t{\r\n\t\t\tUART0_put_char(0x80);\r\n\t\t\tUART0_put_char(BusProtectionOutputBuffer[i]-0x80);\r\n\t\t}else\r\n\t\t{\r\n\t\t\tUART0_put_char(0);\r\n\t\t\tUART0_put_char(BusProtectionOutputBuffer[i]);\r\n\t\t}\r\n\t}\r\n\t\r\n\tUART0_put_char(0xFE);\r\n}\r\n\r\nvoid BusProtectionNewData(uint8_t Data)\r\n{\r\n\tswitch(Data)\r\n\t{\r\n\t\tcase 0xFF:\r\n\t\t\t//start data transfer\r\n\t\t\tReceiveIndex=0;\r\n\t\t\tbreak;\r\n\t\tcase 0xFE:\r\n\t\t\t//data transfer ended\r\n\t\t\tfor (uint8_t i=0; i<6;i++)\r\n\t\t\t{\r\n\t\t\t\tBusProtectionInputBuffer[i] = TmpBuffer[i];\r\n\t\t\t}\r\n\t\t\tReceiveIndex=0;\r\n\t\t\tbreak;\r\n\t\tdefault:\r\n\t\t\tif(ReceiveIndex%2 == 1)\r\n\t\t\t{\r\n\t\t\t\tTmpBuffer[ReceiveIndex/2]+= Data;\r\n\t\t\t}else\r\n\t\t\t\tTmpBuffer[ReceiveIndex/2] = Data;\r\n\t\t\tReceiveIndex++;\r\n\t\t\tbreak;\r\n\t}\r\n}\r\n\r\nvoid BusProtectionSetAktor(uint8_t AktorBit)\r\n{\r\n\tuint8_t ByteIndex = AktorBit / 8;\r\n\tuint8_t ActuatorBitInByte = AktorBit % 8;\r\n\t\r\n\tBusProtectionOutputBuffer[ByteIndex] |=  (1<<ActuatorBitInByte);\r\n}\r\n\r\nvoid BusProtectionResetAktor(uint8_t AktorBit)\r\n{\r\n\tuint8_t ByteIndex = AktorBit / 8;\r\n\tuint8_t ActuatorBitInByte = AktorBit % 8;\r\n\t\r\n\tBusProtectionOutputBuffer[ByteIndex] &=  ~(1<<ActuatorBitInByte);\r\n}\r\n\r\n\r\nvoid BusProtectionSetSignal(uint8_t StartBit,uint8_t BitCount, uint64_t Value)\r\n{\r\n\tuint8_t ByteIndex = StartBit / 8;\r\n\tuint8_t StartBitInByte = StartBit % 8;\r\n\tuint8_t ShiftPosition = 0;\r\n\t\r\n\tBusProtectionOutputBuffer[ByteIndex] &=  ~(0xFF << StartBitInByte);\r\n\tBusProtectionOutputBuffer[ByteIndex] |=  ((Value<<StartBitInByte) & (0xFF << StartBitInByte));\r\n\t\r\n\tif((StartBitInByte+BitCount) > 8)\r\n\t{\r\n\t\tByteIndex++;\r\n\t\tBitCount -= (8-StartBitInByte);\r\n\t\tShiftPosition += (8-StartBitInByte);\r\n\t\twhile (BitCount>8)\r\n\t\t{\r\n\t\t\tBusProtectionOutputBuffer[ByteIndex] = (Value >> ShiftPosition) & 0xFF;\r\n\t\t\tShiftPosition+=8;\r\n\t\t\tBitCount-= 8;\r\n\t\t\tByteIndex++;\r\n\t\t}\r\n\t\t\r\n\t\tBusProtectionOutputBuffer[ByteIndex] &=  ~(0xFF >> (8-BitCount));\r\n\t\tBusProtectionOutputBuffer[ByteIndex] |=  ((Value>>ShiftPosition) & (0xFF >> (8-BitCount)));\r\n\t}\r\n}\r\n\r\nuint64_t BusProtectionGetSignal(uint8_t StartBit, uint8_t BitCount)\r\n{\r\n\tuint64_t Result = 0;\r\n\tuint8_t ShiftPosition = 0;\r\n\tuint8_t ByteIndex = StartBit / 8;\r\n\tuint8_t StartBitInByte = StartBit % 8;\r\n\tif((StartBitInByte+BitCount) <= 8)\r\n\t{\r\n\t\tResult = (BusProtectionInputBuffer[ByteIndex] >> StartBitInByte) & ~(0xFF << BitCount);\r\n\t}else\r\n\t{\r\n\t\tResult = (BusProtectionInputBuffer[ByteIndex] >> StartBitInByte);\r\n\t\tBitCount -= (8 - StartBitInByte);\r\n\t\tShiftPosition += (8 - StartBitInByte);\r\n\t\tByteIndex++;\r\n\t\twhile (BitCount > 8)\r\n\t\t{\r\n\t\t\tResult |= (BusProtectionInputBuffer[ByteIndex] << ShiftPosition);\r\n\t\t\tByteIndex++;\r\n\t\t\tShiftPosition += 8;\r\n\t\t\tBitCount -= 8;\r\n\t\t}\r\n\t\tResult |= (BusProtectionInputBuffer[ByteIndex] & ~(0xFF << BitCount))<< ShiftPosition;\r\n\t}\r\n\treturn Result;\r\n}\r\n","reload":true,"markers":[],"severity":0},{"name":"EveryFloorOpenDoor/Source/Interfaces/BusProtectionInterface.h","content":"#ifndef BUSPROTECTIONINTERFACE_H_\r\n#define BUSPROTECTIONINTERFACE_H_\r\n\r\n#include <stdint.h>\r\n\r\nextern void BusProtectionInterfaceInit(void);\r\nextern void BusProtectionSendData(void);\r\nextern void BusProtectionNewData(uint8_t Data);\r\n\r\nextern uint8_t *BusProtectionOutputBuffer;\r\nextern uint8_t *BusProtectionInputBuffer;\r\n\r\n#endif /* BUSPROTECTIONINTERFACE_H_ */","reload":true,"markers":[],"severity":0},{"name":"EveryFloorOpenDoor/Source/Interfaces/Elevator4Floor.c","content":"#include \"Elevator4Floor.h\"\r\n\r\nSensor_t Sensors;\r\nActuator_t Actuators;\r\n","reload":true,"markers":[],"severity":0},{"name":"EveryFloorOpenDoor/Source/Interfaces/Elevator4Floor.h","content":"#ifndef _ELEVATOR4FLOOR\r\n#define _ELEVATOR4FLOOR\r\n\r\ntypedef struct\r\n{\r\n\tunsigned ElevatorOnFloor1:1;\r\n    unsigned ElevatorOnFloor2:1;\r\n    unsigned ElevatorOnFloor3:1;\r\n    unsigned ElevatorAboveFloor1:1;\r\n    unsigned ElevatorBelowFloor2:1;\r\n    unsigned ElevatorAboveFloor2:1;\r\n    unsigned ElevatorBelowFloor3:1;\r\n    unsigned Floor1_DoorOpen:1;\r\n    unsigned Floor1_DoorClosed:1;\r\n    unsigned Floor2_DoorOpen:1;\r\n    unsigned Floor2_DoorClosed:1;\r\n    unsigned Floor3_DoorOpen:1;\r\n    unsigned Floor3_DoorClosed:1;\r\n    unsigned LightBarrierFloor1:1;\r\n    unsigned LightBarrierFloor2:1;\r\n    unsigned LightBarrierFloor3:1;\r\n    unsigned CallButtOnFloor1:1;\r\n    unsigned CallButtOnFloor2Up:1;\r\n    unsigned CallButtOnFloor2Down:1;\r\n    unsigned CallButtOnFloor3:1;\r\n    unsigned ElevatorcOntrol_Floor1:1;\r\n    unsigned ElevatorcOntrol_Floor2:1;\r\n    unsigned ElevatorcOntrol_Floor3:1;\r\n    unsigned ElevatorcOntrol_Alert:1;\r\n    unsigned ElevatorcOntrol_EmergencyStop:1;\r\n    unsigned SimulationOverload:1;\r\n    unsigned ElevatorOnFloor4:1;\r\n    unsigned ElevatorAboveFloor3:1;\r\n    unsigned ElevatorBelowFloor4:1;\r\n    unsigned Floor4_DoorOpen:1;\r\n    unsigned Floor4_DoorClosed:1;\r\n    unsigned LightBarrierFloor4:1;\r\n\tunsigned int reserve1;\r\n} Sensor_t;\r\n\r\ntypedef struct\r\n{\r\n\tunsigned DriveUpwards:1;\r\n    unsigned DriveDownwards:1;\r\n    unsigned DriveSlowly:1;\r\n    unsigned DoorFloor1_Open:1;\r\n    unsigned DoorFloor1_Close:1;\r\n    unsigned DoorFloor2_Open:1;\r\n    unsigned DoorFloor2_Close:1;\r\n    unsigned DoorFloor3_Open:1;\r\n    unsigned DoorFloor3_Close:1;\r\n    unsigned CallDisplayFloor1:1;\r\n    unsigned CallDisplayFloor2_Upward:1;\r\n    unsigned CallDisplayFloor2_Downward:1;\r\n    unsigned CallDisplayFloor3_Downward:1;\r\n    unsigned IndicatorDisplayFloor1:1;\r\n    unsigned IndicatorDisplayFloor2:1;\r\n    unsigned IndicatorDisplayFloor3:1;\r\n    unsigned DrivedirectionDisplay_Downward:1;\r\n    unsigned DrivedirectionDisplay_Upward:1;\r\n    unsigned ElevatorControl_IndicatorDisplayFloor1:1;\r\n    unsigned ElevatorControl_IndicatorDisplayFloor2:1;\r\n    unsigned ElevatorControl_IndicatorDisplayFloor3:1;\r\n    unsigned ElevatorControl_Alert:1;\r\n    unsigned ElevatorControl_EmergencyStop:1;\r\n    unsigned ElevatorControl_Overload:1;\r\n    unsigned DoorFloor4_Open:1;\r\n    unsigned DoorFloor4_Close:1;\r\n    unsigned CallDisplayFloor3_Upwards:1;\r\n    unsigned CallDisplayFloor4:1;\r\n    unsigned IndicatorDisplayFloor4:1;\r\n    unsigned CallDisplayControl_ElevatorControl\t:1;\r\n\r\n    unsigned reserve1:1;\r\n    unsigned reserve2:1;\r\n\tunsigned int reserve3;\r\n} Actuator_t;\r\n\r\n#define SensorPointer (uint8_t *)&Sensors\r\n#define ActuatorPointer (uint8_t *)&Actuators\r\n\r\nextern Sensor_t Sensors;\r\nextern Actuator_t Actuators;\r\n\r\n#endif","reload":true,"markers":[],"severity":0},{"name":"EveryFloorOpenDoor/Source/UART0.c","content":"#include <avr/io.h>   \r\n#include <stdint.h>\r\n#include <avr/interrupt.h>\r\n#include \"UART0.h\"\r\n#include \"BusProtectionInterface.h\"\r\n\r\nISR(USART0_RX_vect)\r\n{\r\n\tuint8_t Data = UDR0;\r\n\tBusProtectionNewData(Data);\r\n}\r\n\r\nvoid UART0_init()\r\n{\r\n\tUBRR0L = (F_CPU / (BAUD * 16L) - 1);\r\n\tUCSR0B = ((1<<RXEN0) | (1<<TXEN0) | (1<<RXCIE0));\r\n\tsei();\r\n}\r\n\r\nvoid UART0_put_char(char data)\r\n{\r\n\twhile (!(UCSR0A & (1<<UDRE0)));\r\n\tUDR0=data;\r\n}\r\n\r\nvoid UART0_print(char *buffer)\r\n{\r\n\twhile(*buffer!=0)\r\n\t{\r\n\t\tUART0_put_char (*buffer);\r\n\t\tbuffer++;\r\n\t}\r\n}\r\n\r\nvoid UART0_put_hex(unsigned char data)\r\n{\r\n\tUART0_put_char('0');\r\n\tUART0_put_char('x');\r\n\tif (((data>>4)+55)>='A') UART0_put_char((data>>4)+55); \r\n\telse UART0_put_char(((data&0xF0)>>4)+48);\r\n\t\r\n\tif  ((data&0x0F)>9 )UART0_put_char((data&0x0F)+55); \r\n\telse UART0_put_char((data&0x0F)+48);\r\n}\r\n\r\nvoid UART0_put_dec(unsigned int data)\r\n{\r\n\tif(data==0)\r\n\t{\r\n\t\tUART0_put_char('0');\r\n\t}\r\n\telse\r\n\t{\r\n\t\tunsigned char i=0;\r\n\t\tunsigned char daten[5];\r\n\t\twhile(data>0)\r\n\t\t{\r\n\t\t\tdaten[i]=data%10+48;\r\n\t\t\tdata=data/10;\r\n\t\t\ti++;\r\n\t\t}\r\n\t\tfor(unsigned char j=i;j>0;j--)\r\n\t\tUART0_put_char(daten[j-1]);\r\n\t}\r\n}","reload":true,"markers":[],"severity":0},{"name":"EveryFloorOpenDoor/Source/UART0.h","content":"#ifndef UART0_H_\r\n#define UART0_H_\r\n\r\n#define BAUD\t250000\r\n#define DEBUG\t0\r\n\r\nvoid UART0_init();\r\nvoid UART0_put_char(char data);\r\nvoid UART0_print(char *buffer);\r\nvoid UART0_put_hex(unsigned char data);\r\nvoid UART0_put_dec(unsigned int data);\r\nvoid UART0_ELV_8(unsigned char data);\r\nvoid UART0_ELV_4(unsigned char data);\r\nuint8_t UART0_get_char(void);\r\n\r\n#endif","reload":true,"markers":[],"severity":0},{"name":"EveryFloorOpenDoor/Source/main.c","content":"#include <avr/io.h>\r\n#include <util/delay.h>\r\n\r\n#include \"UART0.h\"\r\n#include \"Automaton/Automaton.h\"\r\n#include \"BusProtectionInterface.h\"\r\n\r\nint main(void)\r\n{\r\n\tUART0_init();\r\n\tBusProtectionInterfaceInit();\r\n\t\r\n\tStateMachineInit();\r\n\t\t\r\n\twhile(1)\r\n    {\r\n\t\tStateMachineUpdate();\r\n\t\tBusProtectionSendData();\t\r\n\t\t_delay_us(10);\r\n\t}\r\n}","reload":true,"markers":[],"severity":0},{"name":"EveryFloorOpenDoor/Source/Automaton/.","content":"","reload":false,"markers":[],"severity":0},{"name":"EveryFloorOpenDoor/Source/Interfaces/.","content":"","reload":false,"markers":[],"severity":0},{"name":"EveryFloorOpenDoor/Source/.","content":"","reload":false,"markers":[],"severity":0},{"name":"EveryFloorOpenDoor/.","content":"","reload":false,"markers":[],"severity":0}]},{"BPUType":"MicroController","PSPUType":"Elevator4Floors","language":"C","name":"SimpleControl","files":[]}]